Model,Accuracy,Accuracy_std,Precision,Precision_std,Recall,Recall_std,F1-Score,F1_std,ROC-AUC
Logistic Regression + CountVectorizer,0.893117708164454,0.009345399523215352,0.7111388231509452,0.032900529972178974,0.7612213404128998,0.025007036536286064,0.7350227170310469,0.025304889182006452,0.8991551094708091
Logistic Regression + TF-IDF,0.8811041858063277,0.007798362683968611,0.6605397034568834,0.023745761226195622,0.8012072951720448,0.031356284436927624,0.72391824025705,0.02428860921765444,0.9234172331571443
Random Forest + CountVectorizer,0.8625028371732746,0.010144611223856945,0.6294810038613068,0.02601651257088491,0.7161689506147034,0.032279618955457265,0.6698512676106364,0.02656572154318603,0.8899062107945799
Random Forest + TF-IDF,0.8528134551066117,0.010497703335598732,0.6030726719864876,0.02857140292071745,0.7171161502801395,0.028995217716727223,0.6549934852378012,0.026878355402957296,0.882938171738002
