Model,Accuracy,Precision,Recall,F1-Score
Logistic Regression + CountVectorizer,0.893117708164454,0.7111388231509452,0.7612213404128998,0.7350227170310469
Logistic Regression + TF-IDF,0.8811041858063277,0.6605397034568834,0.8012072951720448,0.72391824025705
Random Forest + CountVectorizer,0.8625028371732746,0.6294810038613068,0.7161689506147034,0.6698512676106364
Random Forest + TF-IDF,0.8528134551066117,0.6030726719864876,0.7171161502801395,0.6549934852378012
RoBERTa,0.9197985277024409,0.815677966101695,0.7623762376237624,0.7881269191402251
CodeBERT,0.9228981015110422,0.8227848101265823,0.7722772277227723,0.7967313585291114
